{
    "starting_points": [
        [
            -13.989999771118164,
            28.540000915527344
        ],
        [
            -26.989999771118164,
            169.5399932861328
        ],
        [
            8.510000228881836,
            -142.9600067138672
        ]
    ],
    "points_src": [
        [
            285.98828125,
            28.96484375,
            -258.01171875,
            24.96484375,
            -174.01171875,
            -86.03515625,
            -166.01171875,
            -16.03515625,
            188.98828125,
            -16.03515625,
            262.98828125,
            -85.03515625
        ],
        [
            347.98828125,
            -90.03515625,
            305.98828125,
            -126.03515625,
            228.98828125,
            -142.03515625,
            -181.01171875,
            -147.03515625,
            -233.01171875,
            -121.03515625,
            -261.01171875,
            -101.03515625,
            -296.01171875,
            -148.03515625,
            -206.01171875,
            -197.03515625,
            222.98828125,
            -191.03515625,
            322.98828125,
            -171.03515625,
            367.98828125,
            -140.03515625
        ],
        [
            -348.01171875,
            54.96484375,
            -313.01171875,
            196.96484375,
            316.98828125,
            198.96484375,
            348.98828125,
            41.96484375,
            395.98828125,
            48.96484375,
            335.98828125,
            243.96484375,
            -329.01171875,
            241.96484375,
            -413.01171875,
            62.96484375
        ]
    ]
}